feature,mean_gain,mean_split,gain_share,split_share
away_starter_fip_proxy,75.19690160751342,6.4,0.031888154411943495,0.026666666666666665
home_minus_away_lineup_prev_pa_sum,71.61667385101319,5.2,0.030369915587090124,0.021666666666666664
home_run_diff_last_5,66.8187801361084,6.2,0.02833531080468124,0.02583333333333333
home_starter_whip,60.53068389892578,5.6,0.025668767642902813,0.023333333333333327
home_minus_away_starter_era_last_3,53.40405588150024,5.4,0.022646634951288803,0.0225
home_minus_away_lineup_prev_war_avg,52.38025617599487,4.2,0.022212480319939,0.017499999999999998
home_lineup_prev_pa_sum,51.546730041503906,4.6,0.021859013494646525,0.01916666666666666
home_starter_fip_proxy,50.054595947265625,4.6,0.021226256008856158,0.01916666666666666
home_minus_away_starter_whip,49.72309055328369,4.6,0.021085677142364246,0.01916666666666666
away_starter_fip_proxy_last_3,45.03512001037598,4.8,0.019097686608776265,0.019999999999999997
home_runs_for_last_5,41.46452417373657,4.2,0.01758353231588152,0.017499999999999998
away_starter_np_last_game,41.29536800384521,4.2,0.017511799598842425,0.017499999999999998
home_minus_away_starter_np_last_game,41.02476577758789,4.2,0.01739704745625884,0.017499999999999998
home_minus_away_run_diff_last_5,41.013593673706055,4.0,0.017392309790662593,0.016666666666666663
home_minus_away_runs_for_pg,38.039803981781006,3.8,0.01613123835211177,0.01583333333333333
home_starter_fip_proxy_last_3,37.08964204788208,4.2,0.015728310707264596,0.017499999999999998
away_runs_for_pg,34.560607719421384,3.6,0.01465584315268383,0.015
home_minus_away_runs_against_last_5,33.90486993789673,3.6,0.014377769625929447,0.015
away_win_rate,33.67712230682373,3.8,0.01428119049206412,0.01583333333333333
home_minus_away_lineup_prev_war_sum,33.39398374557495,2.8,0.014161122165204033,0.011666666666666664
away_run_diff_last_5,33.37644186019897,3.4,0.014153683316826138,0.014166666666666664
home_minus_away_starter_starts,30.672693824768068,2.8,0.013007126304479835,0.011666666666666664
away_starter_era_last_3,30.440859699249266,3.4,0.012908814243284978,0.014166666666666664
home_minus_away_starter_fip_proxy,29.875669860839842,2.6,0.012669138665515424,0.010833333333333332
home_starter_era,29.874356079101563,3.2,0.012668581540500453,0.013333333333333332
home_minus_away_lineup_prev_sb_sum,29.7284818649292,3.0,0.012606721818001137,0.012499999999999999
home_minus_away_bullpen_ip_last_3,29.214268016815186,3.2,0.01238866322464307,0.013333333333333332
home_minus_away_starter_fip_proxy_last_3,28.89426193237305,3.0,0.0122529607792589,0.012499999999999999
away_starter_era,28.53821039199829,3.4,0.012101972822902117,0.014166666666666664
home_run_diff_pg,27.532297992706297,2.8,0.011675403519808562,0.011666666666666664
home_minus_away_run_diff_pg,27.138566112518312,3.0,0.011508436760222222,0.012499999999999999
home_starter_era_last_3,26.800486087799072,2.6,0.011365069842152773,0.010833333333333332
home_minus_away_runs_against_pg,25.98037405014038,2.8,0.011017291426647672,0.011666666666666664
home_minus_away_runs_for_last_5,25.068571949005126,2.8,0.010630630732223124,0.011666666666666664
away_lineup_prev_wrcplus_pa_weighted,25.05495367050171,2.8,0.010624855736731843,0.011666666666666664
home_games_played,24.612208080291747,2.4,0.010437104121385876,0.009999999999999998
home_lineup_prev_hr_sum,24.591595935821534,2.6,0.010428363292554149,0.010833333333333332
home_runs_against_pg,24.36404800415039,2.6,0.010331868843632297,0.010833333333333332
home_minus_away_lineup_prev_hr_sum,24.072366333007814,2.6,0.010208177707831579,0.010833333333333332
home_minus_away_starter_games,24.051880073547363,2.6,0.010199490262058776,0.010833333333333332
away_starter_whip,23.830556011199953,2.6,0.010105635120100272,0.010833333333333332
away_lineup_prev_war_avg,23.763697814941406,2.4,0.010077283094412774,0.009999999999999998
home_minus_away_lineup_prev_ops_pa_weighted,23.309117984771728,2.2,0.009884513026668953,0.009166666666666667
away_bullpen_ip_last_3,22.780952167510986,2.6,0.00966053793227174,0.010833333333333332
home_runs_for_pg,22.547329902648926,2.4,0.00956146758898987,0.009999999999999998
away_bullpen_era_last_3,22.108078002929688,2.6,0.009375197515295941,0.010833333333333332
away_lineup_top4_prev_ops_pa_weighted,21.89088773727417,2.6,0.009283095359755768,0.010833333333333332
home_lineup_prev_war_sum,21.233900165557863,2.2,0.009004491844374704,0.009166666666666667
away_lineup_prev_sb_sum,20.55102996826172,2.0,0.008714912488986502,0.008333333333333331
home_starter_np_last_game,20.538594055175782,2.4,0.008709638889832009,0.009999999999999998
team_win_rate_ratio,20.311775970458985,2.0,0.008613453941326793,0.008333333333333331
home_minus_away_lineup_top4_prev_ops_pa_weighted,20.307524013519288,2.2,0.008611650847628148,0.009166666666666667
away_run_diff_pg,19.381298065185547,2.0,0.008218873546576905,0.008333333333333331
home_runs_against_last_5,19.23713617324829,2.0,0.008157739955004113,0.008333333333333331
home_win_rate,19.03368196487427,2.0,0.00807146274046869,0.008333333333333331
home_minus_away_starter_era,18.868492317199706,2.2,0.008001412075086292,0.009166666666666667
away_runs_against_pg,18.864090156555175,2.0,0.00799954528569234,0.008333333333333331
home_minus_away_win_rate,18.35079574584961,2.0,0.007781876590872989,0.008333333333333331
away_lineup_top4_prev_wrcplus_pa_weighted,18.160927963256835,2.0,0.007701360864297271,0.008333333333333331
away_lineup_prev_pa_sum,17.909583950042723,2.0,0.00759477539956998,0.008333333333333331
away_runs_against_last_5,17.561858081817626,1.8,0.007447318045052049,0.0075
home_lineup_top4_prev_wrcplus_pa_weighted,17.035092163085938,1.8,0.007223936594535118,0.0075
home_minus_away_lineup_prev_woba_pa_weighted,16.729257774353027,1.8,0.007094243827892949,0.0075
home_minus_away_lineup_top4_prev_wrcplus_pa_weighted,16.436728096008302,1.8,0.0069701930843952846,0.0075
home_starter_starts,16.10373773574829,1.8,0.0068289845000166025,0.0075
home_bullpen_era_last_3,15.687962055206299,1.8,0.006652669800628388,0.0075
home_lineup_prev_war_avg,15.627287864685059,1.8,0.006626940177268911,0.0075
home_lineup_prev_woba_pa_weighted,15.568363666534424,1.6,0.006601952659311926,0.006666666666666666
away_lineup_prev_ops_pa_weighted,15.51389217376709,1.4,0.006578853364855886,0.005833333333333332
away_runs_for_last_5,15.122499942779541,1.6,0.006412878761773051,0.006666666666666666
home_lineup_top4_prev_ops_pa_weighted,14.947747707366943,1.6,0.006338772965556144,0.006666666666666666
home_lineup_prev_wrcplus_pa_weighted,14.788815975189209,1.6,0.006271376044828031,0.006666666666666666
home_minus_away_bullpen_era_last_3,14.631751918792725,1.6,0.006204771134574165,0.006666666666666666
away_games_played,14.508169841766357,1.6,0.006152364662092966,0.006666666666666666
away_starter_starts,14.436149978637696,1.4,0.006121823769222663,0.005833333333333332
away_team_code,13.609328269958496,1.4,0.005771200036676815,0.005833333333333332
home_lineup_prev_sb_sum,12.627903938293457,1.4,0.005355015194445945,0.005833333333333332
away_starter_games,11.312737941741943,1.2,0.004797303168034715,0.004999999999999999
home_lineup_left_batter_count,10.494071960449219,1.2,0.004450137970198169,0.004999999999999999
home_minus_away_games_played,10.343914031982422,1.2,0.004386461686910344,0.004999999999999999
away_win_rate_last_5,10.054128074645996,1.0,0.004263574451446994,0.004166666666666666
home_bullpen_ip_last_3,9.751531982421875,1.2,0.004135254923553981,0.004999999999999999
away_lineup_prev_war_sum,9.646494007110595,0.8,0.004090712301394808,0.003333333333333333
away_lineup_left_batter_count,9.205148029327393,1.0,0.0039035542086039913,0.004166666666666666
home_starter_days_rest,9.099079990386963,1.0,0.003858574775520986,0.004166666666666666
home_minus_away_win_rate_last_5,8.818877983093262,1.2,0.0037397517298354806,0.004999999999999999
home_lineup_prev_ops_pa_weighted,8.33166208267212,1.0,0.003533141942298288,0.004166666666666666
home_minus_away_lineup_left_batter_count,8.035657978057861,0.8,0.0034076178263742693,0.003333333333333333
home_minus_away_starter_days_rest,7.799854183197022,0.8,0.0033076223789462417,0.003333333333333333
home_minus_away_lineup_switch_batter_count,7.181826114654541,0.8,0.003045540111468499,0.003333333333333333
home_win_rate_last_5,7.10582389831543,0.8,0.0030133104536174187,0.003333333333333333
home_minus_away_lineup_prev_wrcplus_pa_weighted,7.067267799377442,0.8,0.0029969602741529247,0.003333333333333333
away_lineup_prev_hr_sum,6.526700019836426,0.8,0.0027677259778504425,0.003333333333333333
away_lineup_prev_woba_pa_weighted,6.454884052276611,0.8,0.0027372715493589146,0.003333333333333333
away_starter_days_rest,5.66723403930664,0.6,0.0024032590475240494,0.0024999999999999996
team_recent_win_rate_ratio,5.10291805267334,0.6,0.002163954037155206,0.0024999999999999996
home_starter_games,4.084043979644775,0.4,0.0017318881797527199,0.0016666666666666666
month,3.483493995666504,0.4,0.0014772177051480075,0.0016666666666666666
home_minus_away_lineup_prev_stats_coverage,3.264273929595947,0.4,0.0013842547882243678,0.0016666666666666666
home_minus_away_lineup_left_batter_ratio,2.6779399871826173,0.2,0.0011356127977574138,0.0008333333333333333
home_lineup_switch_batter_count,2.514900016784668,0.2,0.0010664737289895984,0.0008333333333333333
day_of_week,2.0595800399780275,0.2,0.0008733897931243213,0.0008333333333333333
stadium_code,1.7372339248657227,0.2,0.0007366950294698007,0.0008333333333333333
away_lineup_prev_stats_coverage,1.6231500625610351,0.2,0.0006883163896679808,0.0008333333333333333
away_lineup_switch_batter_count,1.6099000930786134,0.2,0.0006826975800657674,0.0008333333333333333
away_lineup_left_batter_ratio,1.5212180137634277,0.2,0.0006450908731626693,0.0008333333333333333
away_starter_missing,0.0,0.0,0.0,0.0
away_lineup_batter_count,0.0,0.0,0.0,0.0
away_bullpen_missing,0.0,0.0,0.0,0.0
home_lineup_prev_stats_coverage,0.0,0.0,0.0,0.0
home_lineup_left_batter_ratio,0.0,0.0,0.0,0.0
home_bullpen_missing,0.0,0.0,0.0,0.0
home_lineup_batter_count,0.0,0.0,0.0,0.0
home_minus_away_lineup_batter_count,0.0,0.0,0.0,0.0
home_starter_missing,0.0,0.0,0.0,0.0
is_doubleheader,0.0,0.0,0.0,0.0
home_team_code,0.0,0.0,0.0,0.0
